Player,KEN
Shaquille O'Neal,40.22242642722819
Michael Jordan,39.885268309149204
George Gervin,39.4314841427165
Kareem Abdul-Jabbar,38.92398569180243
Anthony Davis,37.088292580288694
Adrian Dantley,35.41497657232486
Kevin Durant,35.24094925690769
LeBron James,34.628267102885474
David Thompson,34.51903196013614
Bob McAdoo,34.50514581469826
